Category,Product
PAPER PRODUCTS,SWISH CLEAN & GREEN® HAND TOWEL ROLL - CASE
PAPER PRODUCTS,TOILET PAPER JUMBO CORLSS 2PLY WHT 12X1150FT - CASE
PAPER PRODUCTS,Tork OptiCore® T11 Premium Toilet Paper - White 2-Ply -CASE
PAPER PRODUCTS,T/T JUMBO TORK 2PLY T2 WHT 12X751FT -CASE
PAPER PRODUCTS,SANITARY NAPKIN WAXED BAGS
HAND SOAP,REFILL SOAP PURELL MILD ES8 2/CASE
CLEANERS,ES64H NEUTRAL DISINFECTANT CLEANER CONCENTRATE - 4.73L
CLEANERS,CLEAN & GREEN BOWL CLEANER 956ML
CLEANERS,SWISH ACTION SAFE ACID BOWL CLEANER - for periodic use only
CLEANERS,ENVIRO-SOLUTIONS® ES77 NO FLASH POINT GLASS CLEANER CONCENTRATE
CLEANERS,ENVIRO-SOLUTIONS ES74 SPRAY & WIPE CLEANER - 946 ML
CLEANERS,CLAIRE CHEWING GUM REMOVER - 12OZ
CLEANERS,ENVIRO CREAM CLEANSER ES53 - 946ML
CLEANERS,ENVIRO-SOLUTIONS® ES78+ STAINLESS STEEL CLEANER & FURNITURE POLISH
CLEANERS,ENVIRO SOLUTIONS ES73 - PAINT STRIPPER & GRAFFITI REMOVER
CLEANERS,ENVIRO-SOLUTIONS® ES57 - LIME REMOVER AND DESCALER - 946ML
CLEANERS,LAVO PRO 6% CHLORINE BLEACH - 3.6L for mouse kits
CLEANERS,ENVIRO-SOLUTIONS® ES84 NEUTRAL FLOOR CLEANER CONCENTRATE - 4.73L
CLEANERS,ENVIRO-SOLUTIONS® ES75 HEAVY DUTY DEGREASER FLOOR CLEANER - 3.78L
CLEANERS,ENVIRO SOLUTIONS ES58 ODOUR CONTROL
GARBAGE BAGS,"SWISH CLEAN & GREEN® GARBAGE BAGS - REGULAR BLACK 22""X24"""
GARBAGE BAGS,"SWISH CLEAN & GREEN® GARBAGE BAGS - REGULAR BLACK 26""X36"""
GARBAGE BAGS,"SWISH CLEAN & GREEN® GARBAGE BAGS - STRONG BLACK 30""X38"" 200/CS"
GARBAGE BAGS,"SWISH CLEAN & GREEN® GARBAGE BAGS - X-STRONG BLACK 35""X50"""
GARBAGE BAGS,"SWISH CLEAN & GREEN® GARBAGE BAGS - X-STRONG BLACK 56""X60"" 50/CS"
RECYCLING BAGS,"SWISH CLEAN & GREEN® RECYCLE BAGS -STRONG CLEAR 26""X36"" 200/CASE"
RECYCLING BAGS,"SWISH CLEAN AND GREEN - RECYCLE BAGS - STRONG CLEAR 30""X38"""
RECYCLING BAGS,"SWISH CLEAN & GREEN® RECYCLE BAGS -X-STRONG CLEAR 35""X50"" 100/CS"
RECYCLING BAGS,"ECO II GARBAGE BAGS - STRONG CLEAR 56""X60"" 64/CS"
COMPOSTABLE BAGS,"COMPOSTABLE BAGS - REGULAR 30"" X 38"" 150/CASE"
COMPOSTABLE BAGS,"COMPOSTABLE BAGS - REGULAR 48"" X 60"" 100/CASE"
GLOVES,GLOVE NITRILE P/F 4mil SML BLU 100/B
GLOVES,GLOVE NITRILE 4MIL P/F MED BLU 100/B
GLOVES,GLOVE NITRILE 4MIL P/F LRG BLU 100/B
GLOVES,GLOVE NITRILE P/F 4mil XLG BLU 100/B
VACUUM BAGS,TASKI VACUUM BAGS 10/PKG
VACUUM BAGS,WINDSOR VACUUM BAGS 10/PKG
VACUUM BAGS,NVM-2B HENRY VACUUM BAGS
VACUUM BAGS,TASKI BORA VACUUM BAGS LARGE 10/PKG
VACUUM BAGS,"PAPER/PLY VACUUM BAGS 27"" x 5"" 10/pkg"
FLOOR TOOLS,LONG HANDLE BROOM
FLOOR TOOLS,DUST PAN PLASTIC
FLOOR TOOLS,"PLASTIC LOBBY DUST PAN - 12"""
FLOOR TOOLS,"DURASTAT DUST MOP HEAD - 24"" BLUE"
FLOOR TOOLS,"DURASTAT DUST MOP HEAD - 36"" BLUE"
FLOOR TOOLS,"BREAKAWAY DUST MOP FRAME & HANDLE - 24"""
FLOOR TOOLS,"BREAKAWAY DUST MOP FRAME & HANDLE - 36"""
FLOOR TOOLS,"LOOPED END WET MOP WIDE BAND ORANGE, MED"
FLOOR TOOLS,LOOPED END WET MOP WIDE BAND GREEN MED
FLOOR TOOLS,"SUPERJAWS WET MOP HANDLE - BLACK/YELLOW 60"""
FLOOR TOOLS,"MOP HEAD FLAT MICROFIBRE 18"" BLUE"
FLOOR TOOLS,WAVEBRAKE® DOWN PRESS BUCKET & WRINGER
FLOOR TOOLS,FLOOR SIGN CAUTION
MISCELLANEOUS,SUPER TOILET BOWL CADDY
MISCELLANEOUS,TOILET BOWL BRUSH
MISCELLANEOUS,TOILET BOWL SWABS
MISCELLANEOUS,HYDROFORCE TOILET PLUNGER
MISCELLANEOUS,HANGING SAFETY SIGN - CLOSED FOR CLEANING
MISCELLANEOUS,FLOOR SIGN CAUTION
MISCELLANEOUS,"MICROFIBRE CLOTH - BLUE - 14IN X 14IN, SINGLE"
MISCELLANEOUS,"MICROFIBRE CLOTH - GREEN 14""X14"" SINGLE"
MISCELLANEOUS,"MICROFIBRE CLOTH - RED, 14""X14"", SINGLE"
MISCELLANEOUS,MEDIUM DUTY SCRUB SPONGE - GREEN/YELLOW
MISCELLANEOUS,"SWISH GREEN SCOUR PAD - 6""X9"" 10/PK"
MISCELLANEOUS,WHITE ERASER-12/pkg
MISCELLANEOUS,SWISH SPRAY BOTTLES WHMIS 24OZ
MISCELLANEOUS,TRIGGER SPRAYER RED/WHITE
MISCELLANEOUS,DETAIL GROUT BRUSH - 8'
MISCELLANEOUS,"HEAVY DUTY UTILITY PUTTY KNIFE - 1-1/4"""
MISCELLANEOUS,"1 1/4"" SCRAPER BLADE"
MISCELLANEOUS,"SHORT HANDLE METAL WINDOW SCRAPER - 4"""
MISCELLANEOUS,"SCRAPER REPLACEMENT BLADES - 4"" 10/PK"
MISCELLANEOUS,SAFETY SCRAPER METAL
MISCELLANEOUS,JR. PUMP-UP FOAMER SPRAY BOTTLE - 48OZ
MISCELLANEOUS,"POLYWOOL DUSTER 80"""
MISCELLANEOUS,LAMBSWOOL DUSTER - 28'
MISCELLANEOUS,"BRASS CHANNEL/RUBBER WINDOW SQUEEGEE - 12"""
MISCELLANEOUS,WINDOW SQUEEGEE BRASS HANDLE
MISCELLANEOUS,URINAL PUCKS 2/PKG
OTHER,UNDER SINK ONE SHOT HAND SOAP - DRAKE
OTHER,ES 71+ DOCTOR OFFICE
OTHER,G & C WOOD FLOOR CLEANER
